{"model_scale":{"0":"160m","1":"410m","2":"1b","3":"1.4b","4":"2.8b","5":"160m","6":"160m","7":"160m","8":"160m","9":"160m","10":"160m","11":"160m","12":"160m","13":"410m","14":"410m","15":"410m","16":"410m","17":"410m","18":"410m","19":"410m","20":"410m","21":"1b","22":"1b","23":"1b","24":"1b","25":"1b","26":"1b","27":"1b","28":"1b","29":"1.4b","30":"1.4b","31":"1.4b","32":"1.4b","33":"1.4b","34":"1.4b","35":"1.4b","36":"1.4b","37":"2.8b","38":"2.8b","39":"2.8b","40":"2.8b","41":"2.8b","42":"2.8b","43":"2.8b","44":"2.8b"},"sparse_softmax_k":{"0":null,"1":null,"2":null,"3":null,"4":null,"5":16.0,"6":16.0,"7":32.0,"8":32.0,"9":64.0,"10":64.0,"11":128.0,"12":128.0,"13":16.0,"14":16.0,"15":32.0,"16":32.0,"17":64.0,"18":64.0,"19":128.0,"20":128.0,"21":16.0,"22":16.0,"23":32.0,"24":32.0,"25":64.0,"26":64.0,"27":128.0,"28":128.0,"29":16.0,"30":16.0,"31":32.0,"32":32.0,"33":64.0,"34":64.0,"35":128.0,"36":128.0,"37":16.0,"38":16.0,"39":32.0,"40":32.0,"41":64.0,"42":64.0,"43":128.0,"44":128.0},"sparse_softmax_avg":{"0":null,"1":null,"2":null,"3":null,"4":null,"5":0.0,"6":1.0,"7":0.0,"8":1.0,"9":0.0,"10":1.0,"11":0.0,"12":1.0,"13":0.0,"14":1.0,"15":0.0,"16":1.0,"17":0.0,"18":1.0,"19":0.0,"20":1.0,"21":0.0,"22":1.0,"23":0.0,"24":1.0,"25":0.0,"26":1.0,"27":0.0,"28":1.0,"29":0.0,"30":1.0,"31":0.0,"32":1.0,"33":0.0,"34":1.0,"35":0.0,"36":1.0,"37":0.0,"38":1.0,"39":0.0,"40":1.0,"41":0.0,"42":1.0,"43":0.0,"44":1.0},"rougeL":{"0":0.1650205364,"1":0.1906580107,"2":0.220001584,"3":0.1817430984,"4":0.2195917763,"5":0.1341432079,"6":0.1513860631,"7":0.137874853,"8":0.1644307247,"9":0.1460249747,"10":0.1624256859,"11":0.154975694,"12":0.1630536435,"13":0.150731285,"14":0.1815705094,"15":0.1712743399,"16":0.1971796951,"17":0.1763125418,"18":0.1953866624,"19":0.1857294294,"20":0.1958375866,"21":0.1643416108,"22":0.1912977525,"23":0.1927749245,"24":0.2080452773,"25":0.2102841129,"26":0.2195207941,"27":0.215383358,"28":0.2183638291,"29":0.1743952086,"30":0.1685478868,"31":0.1845840769,"32":0.1827801707,"33":0.1994212679,"34":0.1870462709,"35":0.1982472442,"36":0.1828877489,"37":0.1749522408,"38":0.2029936806,"39":0.1930810854,"40":0.2131675859,"41":0.2023087026,"42":0.2175968208,"43":0.2068302944,"44":0.2148802622},"_duration":{"0":1786.680883646,"1":3815.3240323067,"2":4305.748789072,"3":6497.290905714,"4":11158.5805649757,"5":759.3934183121,"6":782.2340705395,"7":905.7152705193,"8":776.4822003841,"9":1221.4456942081,"10":789.4337439537,"11":841.1204805374,"12":819.470130682,"13":3509.7956635952,"14":2745.8848185539,"15":2444.9554970264,"16":2654.6558961868,"17":2280.0210528374,"18":2585.3797893524,"19":2363.8921649456,"20":2626.8219635487,"21":3807.6412494183,"22":4543.5922064781,"23":4006.3880813122,"24":3483.4200742245,"25":4180.4256689548,"26":4344.6349494457,"27":5043.1784749031,"28":3224.134750843,"29":5988.9043962955,"30":5309.0330498219,"31":5524.9720904827,"32":4666.7696361542,"33":8391.6347212791,"34":5791.474957943,"35":5626.1434311867,"36":7753.8144798279,"37":6787.876046896,"38":6860.7715864182,"39":6736.0878121853,"40":6674.8281831741,"41":7289.4707298279,"42":7265.6553206444,"43":7334.1358749866,"44":7287.8675019741},"rougeL_stderr":{"0":0.005674847,"1":0.0062428916,"2":0.0074731112,"3":0.0062784842,"4":0.0070483751,"5":0.0047589059,"6":0.0051447086,"7":0.0048971146,"8":0.0057292289,"9":0.0049068487,"10":0.0055069145,"11":0.0053035773,"12":0.0056958515,"13":0.0048874643,"14":0.0059995944,"15":0.0056613255,"16":0.0060527877,"17":0.0054968947,"18":0.0061748116,"19":0.0055668318,"20":0.0062213523,"21":0.005386361,"22":0.006557532,"23":0.0060551876,"24":0.0068906863,"25":0.0068539992,"26":0.0069761694,"27":0.0070264948,"28":0.0071180381,"29":0.0050961549,"30":0.0061037796,"31":0.005940318,"32":0.0065173284,"33":0.0061043254,"34":0.0063149837,"35":0.006306052,"36":0.0061576888,"37":0.0050219681,"38":0.006748301,"39":0.0062781406,"40":0.0068360213,"41":0.0065583859,"42":0.0067521434,"43":0.0068918743,"44":0.006812337}}